Point in Time[s],Utilization of Active Resource[]
394.6203675636782,1.0
394.90160966649285,1.0
395.6203675636782,1.0
396.33912546086356,1.0
396.6203675636782,0.0
