Point in Time[s],State of Active Resource[]
394.6203675636782,1
394.90160966649285,2
395.6203675636782,2
396.33912546086356,1
396.6203675636782,0
