Point in Time[s],State of Passive Resource[]
0.0,9999
0.0,10000
101.126912,9999
101.126912,10000
151.141912,9999
151.141912,10000
201.15691199999998,9999
201.15691199999998,10000
255.48252558511072,9999
255.48252558511072,10000
307.92495171138427,9999
307.92495171138427,10000
359.8649517113843,9999
359.8649517113843,10000
