Point in Time[s],Waiting Time[s]
0.0,0.0
101.126912,40.0
151.141912,39.999999999999986
201.15691199999998,40.0
255.48252558511072,40.0
307.92495171138427,40.0
359.8649517113843,40.0
