Point in Time[s],State of Passive Resource[]
51.126912000000004,0
101.141912,0
151.15691199999998,0
205.48252558511072,0
257.92495171138427,0
309.8649517113843,0
359.8799517113843,0
