Point in Time[s],Waiting Time[s]
0.0,0.0
101.126912,0.0
151.141912,0.0
201.15691199999998,0.0
255.48252558511072,0.0
307.92495171138427,0.0
359.8649517113843,0.0
