Point in Time[s],Number of Resource Containers[]
61.12797671167096,2
96.62888979042718,3
139.70715957654514,4
166.35640666125414,5
199.05479921686165,6
276.4743860597305,7
464.11730260918654,8
