Point in Time[s],Number of Resource Containers[]
61.1930657008979,4
168.84110409826297,7
