Point in Time[s],Number of Resource Containers[]
60.357472985592224,4
81.52809350959541,7
249.90579262187697,10
450.248361673803,13
