Point in Time[s],Waiting Time[s]
0.0,0.0
101.126912,40.0
173.58139146393103,40.0
223.596391463931,40.0
273.611391463931,40.0
331.15873494339183,40.0
385.67763880967044,40.0
