Point in Time[s],State of Passive Resource[]
0.0,9999
0.0,10000
101.126912,9999
101.126912,10000
173.58139146393103,9999
173.58139146393103,10000
223.596391463931,9999
223.596391463931,10000
273.611391463931,9999
273.611391463931,10000
331.15873494339183,9999
331.15873494339183,10000
385.67763880967044,9999
385.67763880967044,10000
