Point in Time[s],Waiting Time[s]
51.126912000000004,0.0
123.58139146393101,0.0
173.596391463931,0.0
223.611391463931,0.0
281.15873494339183,0.0
335.67763880967044,0.0
385.6926388096704,0.0
