Point in Time[s],State of Passive Resource[]
0.0,0
101.126912,0
173.58139146393103,0
223.596391463931,0
273.611391463931,0
331.15873494339183,0
385.67763880967044,0
