Point in Time[s],Number of Resource Containers[]
60.46131074104175,5
358.91220102554763,9
