Point in Time[s],State of Active Resource[]
398.08137477529294,1
398.5404079959507,2
398.7109068502669,3
399.08137477529294,3
399.62234155463517,3
