Point in Time[s],Utilization of Active Resource[]
398.08137477529294,1.0
398.5404079959507,1.0
398.7109068502669,1.0
399.08137477529294,1.0
399.62234155463517,1.0
