Point in Time[s],State of Passive Resource[]
0.015,9999
0.015,10000
50.1528,9999
50.1528,10000
100.1678,9999
100.1678,10000
153.8641409119509,9999
153.8641409119509,10000
206.21454486960988,9999
206.21454486960988,10000
256.22954486960987,9999
256.22954486960987,10000
308.1970448696099,9999
308.1970448696099,10000
358.2120448696099,9999
358.2120448696099,10000
