Point in Time[s],Waiting Time[s]
0.015,0.0
50.1528,0.0
100.1678,0.0
153.8641409119509,0.0
206.21454486960988,0.0
256.22954486960987,0.0
308.1970448696099,0.0
358.2120448696099,0.0
