Point in Time[s],State of Passive Resource[]
0.0,0
50.015,0
100.1528,0
150.1678,0
203.8641409119509,0
256.2145448696099,0
306.22954486960987,0
358.1970448696099,0
