Point in Time[s],State of Active Resource[]
378.75547545135845,1
379.23272585203887,2
379.75547545135845,2
380.27822505067803,1
380.75547545135845,0
