Point in Time[s],Utilization of Active Resource[]
378.54274296163953,1.0
379.54274296163953,0.0
389.65587183755383,1.0
390.65587183755383,0.0
