Point in Time[s],Utilization of Active Resource[]
385.93708659043824,1.0
386.93708659043824,0.0
