Point in Time[s],Utilization of Active Resource[]
378.75547545135845,1.0
379.23272585203887,1.0
379.75547545135845,1.0
380.27822505067803,1.0
380.75547545135845,0.0
