Point in Time[s],State of Active Resource[]
378.54274296163953,1
379.54274296163953,0
389.65587183755383,1
390.65587183755383,0
