Point in Time[s],State of Active Resource[]
385.93708659043824,1
386.93708659043824,0
