Point in Time[s],State of Passive Resource[]
51.126912000000004,0
101.141912,0
151.15691199999998,0
203.124412,0
255.121912,0
305.139412,0
355.154412,0
