Point in Time[s],Waiting Time[s]
0.0,0.0
101.126912,0.0
151.141912,0.0
201.15691199999998,0.0
253.124412,0.0
305.121912,0.0
355.139412,0.0
