Point in Time[s],Waiting Time[s]
0.0,0.0
101.126912,40.0
151.141912,39.999999999999986
201.15691199999998,40.0
253.124412,40.0
305.121912,40.0
355.139412,40.0
