Point in Time[s],Number of Resource Containers[]
60.869558997593465,2
83.48841676552868,3
100.3201319800639,4
121.38032826085268,5
142.6881243614612,6
181.16108923195873,7
