Point in Time[s],Number of Resource Containers[]
61.947757855146406,5
187.8639898495666,9
