Point in Time[s],Utilization of Active Resource[]
481.85879672205135,1.0
483.85879672205135,0.0
570.2350699299232,1.0
571.2350699299232,0.0
