Point in Time[s],State of Active Resource[]
481.85879672205135,1
483.85879672205135,0
570.2350699299232,1
571.2350699299232,0
