Point in Time[s],Number of Resource Containers[]
60.53893924895248,4
473.5441195990603,7
