Point in Time[s],State of Active Resource[]
485.431403553283,1
487.431403553283,0
577.8971183509728,1
578.8971183509728,0
591.9380138203196,1
593.9380138203196,0
