Point in Time[s],Utilization of Active Resource[]
476.82948337166107,1.0
477.82948337166107,0.0
481.8893219684255,1.0
484.8893219684255,0.0
538.5577859471116,1.0
539.5577859471116,0.0
