Point in Time[s],Utilization of Active Resource[]
485.431403553283,1.0
487.431403553283,0.0
577.8971183509728,1.0
578.8971183509728,0.0
591.9380138203196,1.0
593.9380138203196,0.0
