Point in Time[s],Number of Resource Containers[]
62.416959648485445,5
93.98460756145408,9
123.8145941609273,13
438.52806223510004,17
