Point in Time[s],Number of Resource Containers[]
62.76892222626621,3
85.04769763444853,5
332.904496285917,7
