Point in Time[s],State of Active Resource[]
397.3629887105697,1
397.6206898526844,2
397.80311259739756,3
398.3629887105697,3
399.047381800674,4
399.105287568455,4
399.7563750539838,4
399.9927061384204,3
