Point in Time[s],State of Passive Resource[]
0.0,0
50.015,0
100.1528,0
170.60277469206818,0
220.63277469206818,0
270.65027469206814,0
323.966689799573,0
373.98168979957296,0
