Point in Time[s],State of Passive Resource[]
0.015,9999
0.015,10000
50.1528,9999
50.1528,10000
120.60277469206818,9999
120.60277469206818,10000
170.63277469206818,9999
170.63277469206818,10000
220.65027469206817,9999
220.65027469206817,10000
273.966689799573,9999
273.966689799573,10000
323.98168979957296,9999
323.98168979957296,10000
375.98418979957296,9999
375.98418979957296,10000
