Point in Time[s],State of Passive Resource[]
0.015,0
50.1528,0
120.60277469206818,0
170.63277469206818,0
220.65027469206817,0
273.966689799573,0
323.98168979957296,0
375.98418979957296,0
