Point in Time[s],State of Active Resource[]
391.00865755978026,1
392.00865755978026,0
394.7615595273568,1
395.7615595273568,0
396.30417470651366,1
397.30417470651366,0
398.0609521251243,1
399.0609521251243,0
