Point in Time[s],State of Passive Resource[]
0.0,9999
0.0,10000
101.126912,9999
101.126912,10000
151.141912,9999
151.141912,10000
211.1147511720216,9999
211.1147511720216,10000
261.1297511720216,9999
261.1297511720216,10000
311.1447511720216,9999
311.1447511720216,10000
367.8385534461508,9999
367.8385534461508,10000
