Point in Time[s],Waiting Time[s]
0.0,0.0
101.126912,40.0
151.141912,39.999999999999986
211.1147511720216,40.0
261.1297511720216,40.0
311.1447511720216,40.0
367.8385534461508,40.0
