Point in Time[s],Waiting Time[s]
51.126912000000004,0.0
101.141912,0.0
161.1147511720216,0.0
211.1297511720216,0.0
261.1447511720216,0.0
317.8385534461508,0.0
367.8560534461508,0.0
