Point in Time[s],Waiting Time[s]
0.0,0.0
101.126912,0.0
151.141912,0.0
211.1147511720216,0.0
261.1297511720216,0.0
311.1447511720216,0.0
367.8385534461508,0.0
