Point in Time[s],State of Passive Resource[]
0.0,0
101.126912,0
151.141912,0
211.1147511720216,0
261.1297511720216,0
311.1447511720216,0
367.8385534461508,0
