Point in Time[s],Waiting Time[s]
51.126912000000004,0.0
101.141912,0.0
153.51006126943966,0.0
206.39982464885213,0.0
256.4148246488521,0.0
306.4298246488521,0.0
358.4298246488521,0.0
