Point in Time[s],Waiting Time[s]
0.0,0.0
101.126912,40.0
151.141912,39.999999999999986
203.51006126943966,40.0
256.39982464885213,40.0
306.4148246488521,40.0
356.4298246488521,40.0
