Point in Time[s],State of Passive Resource[]
0.0,9999
0.0,10000
101.126912,9999
101.126912,10000
151.141912,9999
151.141912,10000
203.51006126943966,9999
203.51006126943966,10000
256.39982464885213,9999
256.39982464885213,10000
306.4148246488521,9999
306.4148246488521,10000
356.4298246488521,9999
356.4298246488521,10000
