Point in Time[s],Waiting Time[s]
0.0,0.0
101.126912,0.0
151.141912,0.0
203.51006126943966,0.0
256.39982464885213,0.0
306.4148246488521,0.0
356.4298246488521,0.0
