Point in Time[s],State of Passive Resource[]
0.015,0
50.1528,0
114.65125346041265,0
164.66625346041263,0
214.68125346041262,0
268.72471226766567,0
318.73971226766565,0
368.75471226766564,0
