Point in Time[s],State of Passive Resource[]
0.0,0
50.015,0
100.1528,0
164.65125346041265,0
214.66625346041263,0
264.6812534604126,0
318.72471226766567,0
368.73971226766565,0
