Point in Time[s],State of Active Resource[]
472.7404834809101,1
474.7404834809101,0
539.6376626216927,1
542.6376626216927,0
566.7074403749598,1
567.3974639871328,2
568.7074403749598,2
570.0174167627868,1
570.7074403749598,0
590.0072528837467,1
592.0072528837467,0
595.566649412478,1
596.566649412478,0
