Point in Time[s],Utilization of Active Resource[]
559.3283902775117,1.0
560.3283902775117,0.0
