Point in Time[s],State of Active Resource[]
559.3283902775117,1
560.3283902775117,0
