Point in Time[s],Number of Resource Containers[]
60.0285781718548,5
86.71587995324306,9
467.3716064174335,13
