Point in Time[s],Utilization of Active Resource[]
114.7067445523447,1.0
115.7067445523447,0.0
144.3377678425817,1.0
145.3377678425817,0.0
163.8559724746853,1.0
165.8559724746853,0.0
170.59355024260734,1.0
173.59355024260734,0.0
199.7963451303807,1.0
200.7963451303807,0.0
236.98303094198982,1.0
238.98303094198982,0.0
270.49672453854083,1.0
272.49672453854083,0.0
297.61468000719503,1.0
300.61468000719503,0.0
334.6750554788327,1.0
336.6750554788327,0.0
345.1244418326101,1.0
346.1244418326101,0.0
373.9276321687196,1.0
374.9276321687196,0.0
402.63654149472546,1.0
403.63654149472546,0.0
439.9881111000125,1.0
441.9881111000125,0.0
581.6043317066119,1.0
582.6043317066119,0.0
