Point in Time[s],State of Active Resource[]
125.55141206390954,1
127.55141206390954,0
153.84130241053182,1
154.84130241053182,0
167.5103580556237,1
169.5103580556237,0
347.44745695718854,1
349.44745695718854,0
351.6693084525056,1
352.6693084525056,0
420.67081049094793,1
422.67081049094793,0
426.0504145188178,1
427.0504145188178,0
428.5232648696652,1
430.5232648696652,0
492.6154980252336,1
494.6154980252336,0
522.4569035587637,1
523.4569035587637,0
554.2991702469251,1
557.2991702469251,0
