Point in Time[s],Number of Resource Containers[]
60.94296656688179,4
71.5608224143534,7
82.04536904841262,10
92.24572380655732,13
