Point in Time[s],State of Active Resource[]
394.58164067926725,1
395.58164067926725,0
397.63871933286254,1
398.63871933286254,0
