Point in Time[s],Utilization of Active Resource[]
394.58164067926725,1.0
395.58164067926725,0.0
397.63871933286254,1.0
398.63871933286254,0.0
