Point in Time[s],State of Passive Resource[]
0.0,0
101.126912,0
151.141912,0
201.15691199999998,0
251.18691199999998,0
301.201912,0
351.216912,0
