Point in Time[s],State of Passive Resource[]
51.126912000000004,0
101.141912,0
151.15691199999998,0
201.18691199999998,0
251.20191199999996,0
301.216912,0
354.8129756465055,0
