Point in Time[s],Waiting Time[s]
0.0,0.0
101.126912,40.0
151.141912,39.999999999999986
201.15691199999998,40.0
251.18691199999998,40.0
301.201912,40.0
351.216912,40.0
