Point in Time[s],State of Passive Resource[]
0.0,9999
0.0,10000
101.126912,9999
101.126912,10000
151.141912,9999
151.141912,10000
201.15691199999998,9999
201.15691199999998,10000
251.18691199999998,9999
251.18691199999998,10000
301.201912,9999
301.201912,10000
351.216912,9999
351.216912,10000
