Point in Time[s],Waiting Time[s]
0.0,0.0
101.126912,0.0
151.141912,0.0
201.15691199999998,0.0
251.18691199999998,0.0
301.201912,0.0
351.216912,0.0
