Point in Time[s],Utilization of Active Resource[]
394.0508065184708,1.0
395.0508065184708,0.0
397.9404231747423,1.0
398.9404231747423,0.0
