Point in Time[s],State of Active Resource[]
394.0508065184708,1
395.0508065184708,0
397.9404231747423,1
398.9404231747423,0
