Point in Time[s],State of Passive Resource[]
0.0,9999
0.0,10000
101.126912,9999
101.126912,10000
151.141912,9999
151.141912,10000
201.15691199999998,9999
201.15691199999998,10000
258.9613976363587,9999
258.9613976363587,10000
308.9763976363587,9999
308.9763976363587,10000
358.99139763635867,9999
358.99139763635867,10000
