Point in Time[s],Waiting Time[s]
51.126912000000004,0.0
101.141912,0.0
151.15691199999998,0.0
208.96139763635867,0.0
258.9763976363587,0.0
308.99139763635867,0.0
359.00639763635866,0.0
