Point in Time[s],State of Passive Resource[]
0.0,0
101.126912,0
151.141912,0
201.15691199999998,0
258.9613976363587,0
308.9763976363587,0
358.99139763635867,0
