Point in Time[s],Number of Resource Containers[]
61.83974766240702,2
82.50362325443626,3
105.29180107178287,4
215.58451636357643,5
239.01439468411266,6
328.3901439048335,7
