Point in Time[s],Utilization of Active Resource[]
588.5429572989606,1.0
590.5429572989606,0.0
