Point in Time[s],State of Active Resource[]
588.5429572989606,1
590.5429572989606,0
