Point in Time[s],Number of Resource Containers[]
60.16286562500814,3
182.23962510557408,5
429.79339156858,7
