Point in Time[s],State of Active Resource[]
376.27670195825885,1
377.27670195825885,0
386.4685601837555,1
387.4685601837555,0
391.79448931374,1
392.79448931374,0
397.31466705757066,1
398.31466705757066,0
