Point in Time[s],Waiting Time[s]
0.0,0.0
101.126912,40.0
156.7448230629419,40.0
208.5168097119182,40.0
258.5468097119182,39.99999999999997
308.56180971191816,40.0
361.0006678705353,40.0
