Point in Time[s],State of Passive Resource[]
0.0,0
101.126912,0
156.7448230629419,0
208.5168097119182,0
258.5468097119182,0
308.56180971191816,0
361.0006678705353,0
