Point in Time[s],Waiting Time[s]
0.0,0.0
101.126912,0.0
156.7448230629419,0.0
208.5168097119182,0.0
258.5468097119182,0.0
308.56180971191816,0.0
361.0006678705353,0.0
