Point in Time[s],State of Passive Resource[]
0.0,9999
0.0,10000
101.126912,9999
101.126912,10000
156.7448230629419,9999
156.7448230629419,10000
208.5168097119182,9999
208.5168097119182,10000
258.5468097119182,9999
258.5468097119182,10000
308.56180971191816,9999
308.56180971191816,10000
361.0006678705353,9999
361.0006678705353,10000
