Point in Time[s],State of Active Resource[]
592.3262327758977,1
594.3262327758977,0
595.258477288113,1
598.258477288113,0
