Point in Time[s],Utilization of Active Resource[]
592.3262327758977,1.0
594.3262327758977,0.0
595.258477288113,1.0
598.258477288113,0.0
