Point in Time[s],Number of Resource Containers[]
72.74761816954877,3
584.7804998321451,5
