Point in Time[s],Number of Resource Containers[]
61.12344250348383,4
85.75597493175216,7
